Customer;KM/Year
Make A;7082
Make A;9709
Make A;16191
Make A;17823
Make A;14858
Make A;14190
Make A;5452
Make A;9691
Make A;2424
Make A;23607
Make A;32472
Make A;2024
Make A;245701
Make A;14805
Make A;20291
Make A;9963
Make A;11416
Make A;27754
Make A;6577
Make A;17149
Make A;24122
Make A;45625
Make A;17822
Make A;29127
Make A;8466
Make A;35636
Make A;16649
Make A;22752
Make A;498
Make A;16805
Make A;22672
Make A;23519
Make A;14217
Make A;4151
Make A;5711
Make A;16197
Make A;28830
Make A;11271
Make A;4067
Make A;40471
Make A;9192
Make A;16271
Make A;17840
Make A;13658
Make A;34233
Make A;5739
Make A;25660
Make A;28971
Make A;14654
Make A;11983
Make A;10465
Make A;14385
Make A;338
Make A;16519
Make A;24492
Make A;23652
Make A;5259
Make A;17768
Make A;8043
Make A;15495
Make A;13304
Make B;42230
Make B;7562
Make B;88440
Make B;10648
Make B;7043
Make B;16003
Make B;18938
Make B;521
Make B;65823
Make B;27907
Make B;13731
Make B;7061
Make B;0
Make B;40216
Make B;116831
Make B;27977
Make B;15997
Make B;9663
Make B;14349
Make B;32651
Make B;9105
Make B;9428
Make B;16866
Make B;9757
Make B;13636
Make B;13269
Make B;8861
Make B;20002
Make B;3763
Make B;1724
Make B;14851
Make B;9418
Make B;0
Make B;17115
Make B;23513
Make B;12009
Make B;38276
Make B;10494
Make B;18297
Make B;44624
Make B;53
Make B;47509
Make B;10357
Make B;17341
Make B;50115
Make B;4622
Make B;38596
Make B;20414
Make B;14447
Make B;25831
Make B;2795
Make B;22967
Make B;6397
Make B;28481
Make B;19514
Make B;14617
Make B;16287
Make B;28705
Make B;21820
Make B;69746
Make B;20013
Make B;54994
Make B;17280
Make B;19029
Make B;7224
Make B;40306
Make B;37922
Make B;60381
Make B;21528
Make B;6029
Make B;11607
Make B;8003
Make B;22792
Make B;-406
Make B;41036
Make B;13808
Make B;14066
Make B;20297
Make B;22128
Make B;12634
Make B;115455
Make B;5402
Make B;3697
Make B;13226
Make B;24717
Make B;9181
Make B;8415
Make B;13280
Make B;25061
Make B;31924
Make B;6043
Make B;15447
Make B;14314
Make B;2409
Make B;18152
Make B;12547
Make B;4536
Make B;22094
Make B;3513
Make B;32956
Make B;14982
Make B;4954
Make B;13741
Make B;29235
Make B;18911
Make B;10671
Make B;0
Make B;25851
Make B;0
Make B;6494
Make B;6188
Make B;15998
Make B;8770
Make B;56016
Make B;22831
Make B;33463
Make B;36156
Make B;4493
Make B;15830
Make B;13226
Make B;16149
Make B;4556
Make B;16357
Make B;17799
Make B;48919
Make B;19328
Make B;16860
Make B;22477
Make B;3429
Make B;13099
Make B;30432
Make B;18720
Make B;8553
Make B;34466
Make B;6188
Make B;43051
Make B;2470
Make B;31579
Make B;730
Make B;16472
Make B;11923
Make B;28774
Make B;12566
Make B;29757
Make B;10417
Make B;28002
Make B;3812
Make B;-438
Make B;28626
Make B;37279
Make B;43406
Make B;11657
Make B;24255
Make B;34142
Make B;13555
Make B;11678
Make B;10131
Make B;32120
Make B;7198
Make B;22086
Make B;34679
Make B;2455
Make B;30441
Make B;37
Make B;2044
Make B;15688
Make B;1077
Make B;15482
Make B;19827
Make B;41455
Make B;14354
Make B;35237
Make B;3726
Make B;3482
Make B;0
Make B;16275
Make B;8792
Make B;21655
Make B;18108
Make B;20381
Make B;15935
Make B;38252
Make B;10103
Make B;26743
Make B;11428
Make B;21649
Make B;99262
Make B;21743
Make C;33085
Make C;24225
Make C;70844
Make C;50458
Make C;5965
Make C;24277
Make C;39347
Make C;65363
Make C;17870
Make C;102069
Make C;21381
Make C;8801
Make C;51030
Make C;66548
Make C;33045
Make C;21624
Make C;31276
Make C;49133
Make C;21486
Make C;64036
Make C;31880
Make C;10426
Make C;114085
Make C;13290
Make C;13890
Make C;21431
Make C;20237
Make C;7191
Make C;2733
Make C;68379
Make C;5080
Make C;8387
Make C;29511
Make C;65221
Make C;20126
Make C;1387
Make C;2407
Make C;14963
Make C;25891
Make C;22227
Make C;20118
Make C;69437
Make C;20343
Make C;64099
Make C;22203
Make C;27949
Make C;24335
Make C;60561
Make C;37938
Make C;15718
Make C;23576
Make C;34509
Make C;28930
Make C;13534
Make C;15366
Make C;16014
Make C;25707
Make C;11385
Make C;19445
Make C;18934
Make C;24731
Make C;17708
Make C;15800
Make C;40495
Make C;20190
Make C;26350
Make C;14033
Make C;6550
Make C;23097
Make C;5974
Make C;15928
Make C;11233
Make C;40111
Make C;30602
Make C;24161
Make C;16411
Make C;29259
Make C;28740
Make C;11856
Make C;17669
Make C;20154
Make C;28642
Make C;17470
Make C;56965
Make C;39720
Make C;50322
Make C;33879
Make C;23717
Make C;10964
Make C;44829
Make C;18122
Make C;17984
Make C;11726
Make C;42533
Make C;19710
Make C;4135
Make C;9247
Make C;50682
Make C;24097
Make C;104482
Make C;30848
Make C;21980
Make C;42823
Make C;51459
Make C;17079
Make C;10619
Make C;49356
Make C;37912
Make C;4974
Make C;14865
Make C;21797
Make C;17397
Make C;33898
Make C;51030
Make C;23734
Make C;11150
Make C;17791
Make C;5584
Make C;4779
Make C;39569
Make C;52255
Make C;78120
Make C;65408
Make C;35266
Make C;18219
Make C;27900
Make C;10325
Make C;13644
Make C;57165
Make C;41522
Make C;13438
Make C;20057
Make C;21299
Make C;49458
Make C;33172
Make C;10877
Make C;23232
Make C;38946
Make C;19522
Make C;13952
Make C;55470
Make C;15369
Make C;15042
Make C;10830
Make C;40735
Make C;19319
Make C;36127
Make D;10701
Make D;16318
Make D;21164
Make D;33844
Make D;15819
Make D;20288
Make D;29684
Make D;12460
Make D;21474
Make D;15452
Make D;12964
Make D;7729
Make D;9450
Make D;14405
Make D;18250
Make D;23338
Make D;16121
Make D;15758
Make D;13688
Make D;15208
Make D;22209
Make D;29132
Make D;8276
Make D;14082
Make D;22465
Make D;26336
Make D;61227
Make D;20127
Make D;5297
Make D;13012
Make D;56360
Make D;12883
Make D;10200
Make D;44809
Make D;7561
Make D;9582
Make D;37830
Make D;17919
Make D;20604
Make D;33776
Make D;5884
Make D;24054
Make D;15386
Make D;26633
Make D;11211
Make D;16823
Make D;6186
Make D;19603
Make D;10139
Make D;16584
Make D;20836
Make D;36361
Make D;33797
Make D;12894
Make D;16246
Make D;10760
Make D;9686
Make D;19568
Make D;11245
Make D;14612
Make D;12578
Make D;10095
Make D;122
Make D;17904
Make D;21338
Make D;12613
Make D;19026
Make D;22151
Make D;6573
Make D;9588
Make D;11918
Make D;34911
Make D;17558
Make D;17708
Make D;4249
Make D;17816
Make D;23686
Make D;31986
Make D;12609
Make D;27464
Make D;8967
Make D;12461
Make D;36652
Make D;11038
Make D;10320
Make D;20374
Make D;11985
Make D;24905
Make D;5579
Make D;19107
Make D;38636
Make D;37632
Make D;26921
Make D;9296
Make D;32218
Make D;7576
Make D;30508
Make D;23287
Make D;18609
Make D;18836
Make D;20241
Make D;11463
Make D;15875
Make D;13642
Make D;51760
Make D;16630
Make D;28121
Make D;20247
Make D;8011
Make D;12317
Make D;14466
Make D;18156
Make D;9762
Make D;15865
Make D;11809
Make D;13912
Make D;9513
Make D;20219
Make D;23236
Make D;18981
Make D;21657
Make D;11261
Make D;26106
Make D;62843
Make D;8032
Make D;18692
Make D;21664
Make D;18024
Make D;20322
Make D;25248
Make D;20548
Make D;79144
Make D;17707
Make D;20103
Make D;11569
Make D;10550
Make D;15637
Make D;18079
Make D;12371
Make D;34962
Make D;7603
Make D;10824
Make D;22551
Make D;14208
Make D;27197
Make D;11958
Make D;22259
Make D;10981
Make D;5563
Make D;13447
Make D;10062
Make D;18539
Make D;41037
Make D;30555
Make D;30347
Make D;9159
Make D;7323
Make D;17804
Make D;22297
Make D;20077
Make D;11493
Make D;10308
Make D;14625
Make D;9002
Make D;13891
Make D;11183
Make D;35930
Make D;7941
Make D;13383
Make D;7639
Make D;14525
Make D;12004
Make D;7984
Make D;19217
Make D;15611
Make D;40221
Make D;13653
Make D;24571
Make D;22783
Make D;14980
Make D;43236
Make D;32601
Make D;5295
Make D;26423
Make D;12040
Make D;16892
Make D;13785
Make D;16797
Make D;15772
Make D;16763
Make D;22613
Make D;27937
Make D;7616
Make D;15991
Make D;33891
Make D;14391
Make D;21920
Make D;26500
Make D;5509
Make D;9993
Make D;44538
Make D;22635
Make D;28077
Make D;14652
Make D;14951
Make D;10295
Make D;7834
Make D;26878
Make D;61
Make D;21405
Make D;14983
Make D;14120
Make D;25865
Make D;6469
Make D;5524
Make D;23587
Make D;29806
Make D;18336
Make D;16052
Make D;28492
Make D;8488
Make D;2543
Make D;8956
Make D;10588
Make D;42599
Make D;8444
Make D;12576
Make D;10951
Make D;137366
Make D;34747
Make D;10819
Make D;35941
Make D;7670
Make D;14556
Make D;6494
Make D;14720
Make D;24940
Make D;36359
Make D;28146
Make D;19168
Make D;10379
Make D;25445
Make D;16998
Make D;24610
Make D;8647
Make D;16244
Make D;9370
Make D;11243
Make D;11017
Make D;19602
Make D;35411
Make D;8438
Make D;10167
Make D;25983
Make D;22519
Make D;39407
Make D;8922
Make D;7984
Make D;16620
Make D;16714
Make D;34084
Make D;10306
Make D;8720
Make D;24094
Make D;10247
Make D;8251
Make D;15306
Make D;13671
Make D;27495
Make D;22052
Make D;18001
Make D;16658
Make D;8597
Make D;13020
Make D;15427
Make D;12126
Make D;23983
Make D;9092
Make D;3265
Make D;15754
Make D;5864
Make D;5984
Make D;19491
Make D;27059
Make D;3586
Make D;45333
Make D;9139
Make D;21164
Make D;16252
Make D;8456
Make D;18247
Make D;25222
Make D;25606
Make D;16071
Make D;45844
Make D;38584
Make D;11484
Make D;16209
Make D;12951
Make D;174288
Make D;12883
Make D;14444
Make D;17678
Make D;12016
Make D;18180
Make D;70375
Make D;9290
Make D;9934
Make D;12982
Make D;17446
Make D;9973
Make D;13909
Make D;30148
Make D;20968
Make D;26519
Make D;30417
Make D;9990
Make D;14768
Make D;53073
Make D;25219
Make D;16084
Make D;12274
Make D;26298
Make D;12438
Make D;41917
Make D;20193
Make D;21442
Make D;12197
Make D;2020
Make D;21453
Make D;12868
Make D;48412
Make D;20555
Make D;9446
Make D;21270
Make D;16571
Make D;71070
Make D;18893
Make D;28825
Make D;14478
Make D;18331
Make D;8675
Make D;3674
Make D;13570
Make D;3499
Make D;31676
Make D;14261
Make D;18
Make D;18431
Make D;10957
Make D;13666
Make D;16349
Make D;12483
Make D;10145
Make D;9598
Make D;22271
Make D;12110
Make D;31872
Make D;19598
Make D;27128
Make D;21110
Make D;34513
Make D;18360
Make D;13130
Make D;16033
Make D;18420
Make D;11151
Make D;11274
Make D;23168
Make D;19211
Make D;15401
Make D;26210
Make D;2543
Make D;32037
Make D;15643
Make D;23338
Make D;19092
Make D;17987
Make D;15109
Make D;20389
Make D;23464
Make D;10091
Make D;14804
Make D;14055
Make D;10019
Make D;34640
Make D;16098
Make D;31269
Make D;8568
Make D;12419
Make D;38810
Make D;7006
Make D;7172
Make D;22460
Make D;18324
Make D;28294
Make D;31860
Make D;54446
Make D;11480
Make D;26849
Make D;26979
Make D;36994
Make D;10428
Make D;10776
Make D;5481
Make D;6554
Make D;6400
Make D;14745
Make D;15970
Make D;18764
Make D;15408
Make D;7438
Make D;16498
Make D;20730
Make D;11175
Make D;15374
Make D;19018
Make D;20998
Make D;12043
Make D;44374
Make D;10924
Make D;25009
Make D;23791
Make D;32374
Make D;10876
Make D;5333
Make D;17410
Make D;16587
Make D;10417
Make D;46198
Make D;10538
Make D;6519
Make D;18619
Make D;137403
Make D;20174
Make D;9656
Make D;14577
Make D;20351
Make D;17014
Make D;10942
Make D;16379
Make D;21417
Make D;24844
Make D;19562
Make D;11176
Make D;9474
Make D;158
Make D;15464
Make D;13260
Make D;24313
Make D;14400
Make D;2834
Make D;9971
Make D;15094
Make D;20988
Make D;24773
Make D;32911
Make D;17285
Make D;11519
Make D;4595
Make D;9781
Make D;20472
Make D;23814
Make D;14661
Make D;19110
Make D;12622
Make D;7377
Make D;58018
Make D;12285
Make D;29772
Make D;16909
Make D;10013
Make D;4817
Make D;20704
Make D;13885
Make D;28906
Make D;11436
Make D;10874
Make D;12947
Make D;13442
Make D;16431
Make D;66368
Make D;44332
Make D;14842
Make D;6086
Make D;20459
Make D;6254
Make D;26639
Make D;10273
Make D;4678
Make D;8062
Make D;9911
Make D;11356
Make D;17618
Make D;8285
Make D;33403
Make D;34106
Make D;7787
Make D;11193
Make D;21628
Make D;30981
Make D;42578
Make D;26441
Make D;10605
Make D;70457
Make D;18256
Make D;15344
Make D;572
Make D;17386
Make D;9451
Make D;21034
Make D;43186
Make D;55455
Make D;13043
Make D;12934
Make D;10169
Make D;24551
Make D;28842
Make D;10507
Make D;11606
Make D;28782
Make D;12310
Make D;10581
Make D;26320
Make D;21905
Make D;19598
Make D;11457
Make D;6551
Make D;28254
Make D;16220
Make D;47922
Make D;15382
Make D;15039
Make D;14511
Make D;8653
Make D;5110
Make D;55189
Make D;11754
Make D;32603
Make D;11269
Make D;12591
Make D;15136
Make D;57540
Make D;23034
Make D;22527
Make D;9500
Make D;38793
Make D;88006
Make D;22345
Make D;28311
Make D;19391
Make D;12802
Make D;9767
Make D;55129
Make D;16348
Make D;39359
Make D;9504
Make D;9792
Make D;8624
Make D;11299
Make D;11672
Make D;15145
Make D;8022
Make D;15667
Make D;23330
Make D;16719
Make D;19425
Make D;17390
Make D;9585
Make D;13366
Make D;15772
Make D;5999
Make D;14550
Make D;12304
Make D;6724
Make D;17783
Make D;12832
Make D;5808
Make D;15586
Make D;13905
Make D;11084
Make D;20209
Make D;11882
Make D;51460
Make D;10786
Make D;6150
Make D;8899
Make D;16667
Make D;13647
Make D;40218
Make D;17384
Make D;13069
Make D;18227
Make D;14974
Make D;17477
Make D;32310
Make D;13454
Make D;17537
Make D;12477
Make D;17733
Make D;23911
Make D;31232
Make D;10453
Make D;17630
Make D;23209
Make D;8387
Make D;12319
Make D;14735
Make D;20581
Make D;20444
Make D;12304
Make D;1071
Make D;18031
Make D;21840
Make D;14284
Make D;12286
Make D;23359
Make D;25157
Make D;7080
Make D;13487
Make D;38946
Make D;23097
Make D;9111
Make D;14360
Make D;6694
Make D;13252
Make D;41598
Make D;20102
Make D;11913
Make D;15133
Make D;57598
Make D;65996
Make D;8113
Make D;17767
Make D;19677
Make D;15842
Make D;3672
Make D;14395
Make D;3162
Make D;13389
Make D;16185
Make D;20163
Make D;27440
Make D;25612
Make D;35892
Make D;33713
Make D;12822
Make D;23304
Make D;11467
Make D;19269
Make D;3330
Make D;4700
Make D;38410
Make D;16109
Make D;17285
Make D;10252
Make D;15772
Make D;11041
Make D;12793
Make D;21415
Make D;11017
Make D;41379
Make D;28424
Make D;5817
Make D;10785
Make D;3872
Make D;8644
Make D;12020
Make D;7006
Make D;21582
Make D;19446
Make D;7539
Make D;7175
Make D;24652
Make D;20021
Make D;5021
Make D;38087
Make D;12153
Make D;16743
Make D;23475
Make D;17876
Make D;16925
Make D;20890
Make D;54004
Make D;60705
Make D;5375
Make D;9474
Make D;12342
Make D;22791
Make D;19301
Make D;20238
Make D;25212
Make D;13570
Make D;7637
Make D;10090
Make D;13998
Make D;25313
Make D;21285
Make D;13065
Make D;21854
Make D;14127
Make D;5599
Make D;10557
Make D;4969
Make D;12403
Make D;18005
Make D;7207
Make D;8143
Make D;19280
Make D;29996
Make D;23068
Make D;53
Make D;25550
Make D;3468
Make D;15817
Make D;15224
Make D;8600
Make D;9651
Make D;6844
Make D;16222
Make D;19256
Make D;14414
Make D;9932
Make D;33793
Make D;15738
Make D;20284
Make D;45651
Make D;23628
Make D;47126
Make D;16499
Make D;5558
Make D;12045
Make D;10136
Make D;18046
Make D;28806
Make D;7168
Make D;15702
Make D;13957
Make D;7779
Make D;7044
Make D;14141
Make D;45382
Make D;10378
Make D;73587
Make D;56352
Make D;18304
Make D;8069
Make D;12246
Make D;6083
Make D;42173
Make D;21763
Make D;9558
Make D;33942
Make D;13180
Make D;6659
Make D;11481
Make D;10155
Make D;14451
Make D;14990
Make D;8824
Make D;28398
Make D;22781
Make D;8969
Make D;58868
Make D;23979
Make D;8177
Make D;30670
Make D;6773
Make D;24771
Make D;16285
Make D;40061
Make D;40856
Make D;51834
Make D;8284
Make D;18447
Make D;14935
Make D;10738
Make D;11227
Make D;8692
Make D;13621
Make D;4988
Make D;29429
Make D;1833
Make D;17102
Make D;21587
Make D;15088
Make D;9008
Make D;54145
Make D;6230
Make D;9890
Make D;14212
Make D;17014
Make D;14600
Make D;18276
Make D;17923
Make D;15235
Make D;1745
Make D;18348
Make D;24538
Make D;22931
Make D;8365
Make D;6777
Make D;35227
Make D;10824
Make D;19661
Make D;9257
Make D;19524
Make D;46531
Make D;15438
Make D;16498
Make D;5010
Make D;19089
Make D;24836
Make D;8349
Make D;8140
Make D;28656
Make D;8965
Make D;28480
Make D;50624
Make D;22912
Make D;12736
Make D;17345
Make D;11290
Make D;13657
Make D;17073
Make D;8790
Make D;47023
Make D;9711
Make D;12753
Make D;14879
Make D;17555
Make D;14923
Make D;15651
Make D;13397
Make D;37369
Make D;46763
Make D;11100
Make D;15998
Make D;22022
Make D;10474
Make D;34402
Make D;25554
Make D;18530
Make D;16333
Make D;20842
Make D;5823
Make D;17655
Make D;17708
Make D;31651
Make D;22697
Make D;30869
Make D;21898
Make D;14765
Make D;13007
Make D;28150
Make D;8464
Make D;37592
Make D;14768
Make D;11799
Make D;13193
Make D;19117
Make D;35511
Make D;19279
Make D;12798
Make D;24475
Make D;33345
Make D;19701
Make D;27436
Make D;5893
Make D;20464
Make D;21184
Make D;9102
Make D;4563
Make D;21715
Make D;19032
Make D;10201
Make D;19409
Make D;10641
Make D;16614
Make D;17615
Make D;29243
Make D;35753
Make D;12639
Make D;20075
Make D;5147
Make D;38844
Make D;30840
Make D;18053
Make D;15659
Make D;32739
Make D;13044
Make D;21344
Make D;21633
Make D;8075
Make D;12199
Make D;9300
Make D;17438
Make D;15986
Make D;12702
Make D;10918
Make D;12060
Make D;21058
Make D;16342
Make D;7913
Make D;8980
Make D;11134
Make D;30840
Make D;19943
Make D;8675
Make D;24406
Make D;17350
Make D;27061
Make D;18654
Make D;16972
Make D;35947
Make D;9230
Make D;13381
Make D;9733
Make D;15436
Make D;18779
Make D;15782
Make D;21265
Make D;87289
Make D;15289
Make D;11842
Make D;13756
Make D;22279
Make D;10804
Make D;4479
Make D;64461
Make D;7838
Make D;11656
Make D;12692
Make D;11308
Make D;11167
Make D;12763
Make D;11916
Make D;7939
Make D;9002
Make D;41662
Make D;12193
Make D;26887
Make D;19691
Make D;5341
Make D;9218
Make D;7576
Make D;28886
Make D;19847
Make D;12550
Make D;40926
Make D;28870
Make D;10640
Make D;14601
Make D;6312
Make D;12859
Make D;9348
Make D;15478
Make D;18169
Make D;19912
Make D;37001
Make D;56427
Make D;12393
Make D;19509
Make D;15059
Make D;14314
Make D;15208
Make D;29629
Make D;14229
Make D;13
Make D;16434
Make D;21229
Make D;15127
Make D;18030
Make D;7830
Make D;20792
Make D;12248
Make D;18365
Make D;14271
Make D;26235
Make D;12648
Make D;18809
Make D;18965
Make D;1631
Make D;11666
Make D;34257
Make D;6738
Make D;16496
Make D;7511
Make D;27675
Make D;29902
Make D;8023
Make D;14075
Make D;29918
Make D;17721
Make D;29793
Make D;8251
Make D;36395
Make D;13533
Make D;9413
Make D;8406
Make D;6187
Make D;15034
Make D;54076
Make D;19108
Make D;6237
Make D;6698
Make D;35683
Make D;18266
Make D;18087
Make D;15338
Make D;742
Make D;31205
Make D;5223
Make D;7678
Make D;5757
Make D;23136
Make D;12533
Make D;16736
Make D;35751
Make D;13149
Make D;10549
Make D;10038
Make D;24184
Make D;17733
Make D;14071
Make D;23030
Make D;41913
Make D;8854
Make D;4077
Make D;11130
Make D;9511
Make D;8173
Make D;21314
Make D;30547
Make D;10004
Make D;8911
Make D;39886
Make D;14993
Make D;8189
Make D;6773
Make D;10961
Make D;13603
Make D;22065
Make D;9748
Make D;12549
Make D;3915
Make D;18447
Make D;30005
Make D;14374
Make D;16069
Make D;24746
Make D;18364
Make D;9533
Make D;13475
Make D;11119
Make D;11858
Make D;45229
Make D;23082
Make D;24694
Make D;21085
Make D;20000
Make D;12427
Make D;33469
Make D;36771
Make D;12502
Make D;11981
Make D;15769
Make D;68298
Make D;4533
Make D;17555
Make D;41499
Make D;18052
Make D;13416
Make D;15709
Make D;13581
Make D;11393
Make D;35997
Make D;9551
Make D;4471
Make D;13892
Make D;23035
Make D;23933
Make D;13910
Make D;52833
Make D;54756
Make D;15636
Make D;6777
Make D;10139
Make D;13100
Make D;17650
Make D;8204
Make D;4846
Make D;47856
Make D;11989
Make D;10840
Make D;17794
Make D;21313
Make D;19123
Make D;15554
Make D;15659
Make D;23284
Make D;11171
Make D;51589
Make D;25633
Make D;15229
Make D;37221
Make D;8042
Make D;6613
Make D;18439
Make D;42412
Make D;12426
Make D;7853
Make D;68570
Make D;33165
Make D;22587
Make D;13609
Make D;13340
Make D;37670
Make D;6123
Make D;11166
Make D;5307
Make D;11772
Make D;23565
Make D;13693
Make D;6328
Make D;15098
Make D;46840
Make D;37733
Make D;32561
Make D;20670
Make D;33884
Make D;8379
Make D;9314
Make D;8089
Make D;14701
Make D;12524
Make D;16755
Make D;22320
Make D;21762
Make D;17791
Make D;20453
Make D;14682
Make D;14661
Make D;12715
Make D;4354
Make D;29320
Make D;14122
Make D;8327
Make D;20562
Make D;12061
Make D;11036
Make D;13057
Make D;12317
Make D;61443
Make D;31710
Make D;9363
Make D;11625
Make D;10565
Make D;43185
Make D;13164
Make D;6750
Make D;21673
Make D;23329
Make D;12202
Make D;48358
Make D;5930
Make D;5063
Make D;26950
Make D;183
Make D;10080
Make D;16774
Make D;17840
Make D;9548
Make D;12665
Make D;5045
Make D;20435
Make D;27409
Make D;9542
Make D;22913
Make D;22071
Make D;11711
Make D;16959
Make D;21327
Make D;19133
Make D;11370
Make D;20022
Make D;7511
Make D;16661
Make D;22424
Make D;38720
Make D;19409
Make D;3663
Make D;10437
Make D;10293
Make D;8038
Make D;27112
Make D;13066
Make D;19716
Make D;17014
Make D;17004
Make D;12167
Make D;21086
Make D;17705
Make D;9224
Make D;16587
Make D;756
Make D;13773
Make D;48397
Make D;12231
Make D;14639
Make D;11797
Make D;10232
Make D;13077
Make D;14328
Make D;10462
Make D;22150
Make D;21795
Make D;3330
Make D;26697
Make D;12091
Make D;24910
Make D;14328
Make D;6745
Make D;40602
Make D;12829
Make D;16699
Make D;7709
Make D;27772
Make D;12331
Make D;17028
Make D;16332
Make D;13951
Make D;15417
Make D;21191
Make D;46264
Make D;17335
Make D;13082
Make D;2748
Make D;9614
Make D;14607
Make D;14171
Make D;6619
Make D;67747
Make D;10182
Make D;8916
Make D;11984
Make D;9734
Make D;15449
Make D;20154
Make D;11529
Make D;10394
Make D;63553
Make D;13945
Make D;40960
Make D;6811
Make D;12523
Make D;17923
Make D;21134
Make D;6512
Make D;13683
Make D;12759
Make D;31431
Make D;25355
Make D;22794
Make D;32458
Make D;23083
Make D;21019
Make D;11590
Make D;14297
Make D;15041
Make D;15279
Make D;10515
Make D;9666
Make D;13342
Make D;21772
Make D;24166
Make D;16931
Make D;3638
Make D;12980
Make D;13166
Make D;45104
Make D;12981
Make D;15241
Make D;15551
Make D;15396
Make D;36948
Make D;21429
Make D;23283
Make D;41078
Make D;14323
Make D;14671
Make D;16018
Make D;21565
Make D;10714
Make D;10979
Make D;15235
Make D;9075
Make D;17276
Make D;12758
Make D;11834
Make D;9877
Make D;8734
Make D;10006
Make D;52761
Make D;13093
Make D;26280
Make D;34551
Make D;93665
Make D;23277
Make D;17979
Make D;19652
Make D;17032
Make D;11027
Make D;79624
Make D;11227
Make D;7876
Make D;45165
Make D;33541
Make D;21172
Make D;48340
Make D;35137
Make D;19752
Make D;8763
Make D;27889
Make D;10828
Make D;15196
Make D;15918
Make D;7264
Make D;25538
Make D;15620
Make D;19329
Make D;9821
Make D;15618
Make D;17539
Make D;9308
Make D;37860
Make D;65771
Make D;12960
Make D;11407
Make D;18250
Make D;28813
Make D;9488
Make D;8773
Make D;9977
Make D;15479
Make D;12099
Make D;7935
Make D;13384
Make D;12978
Make D;6182
Make D;15281
Make D;13919
Make D;26145
Make D;30024
Make D;56868
Make D;43626
Make D;15212
Make D;15588
Make D;21402
Make D;495
Make D;15998
Make D;29824
Make D;69177
Make D;5859
Make D;3981
Make D;15392
Make D;21286
Make D;8855
Make D;15056
Make D;4098
Make D;10175
Make D;18677
Make D;17744
Make D;13181
Make D;9603
Make D;39724
Make D;13192
Make D;17848
Make D;14891
Make D;32889
Make D;8433
Make D;10531
Make D;12560
Make D;11130
Make D;15879
Make D;18526
Make D;21866
Make D;11252
Make D;19377
Make D;21563
Make D;26847
Make D;13801
Make D;8816
Make D;25791
Make D;11389
Make D;17567
Make D;12722
Make D;26203
Make D;10729
Make D;9280
Make D;30338
Make D;25494
Make D;52214
Make D;13595
Make D;11130
Make D;38649
Make D;11093
Make D;13808
Make D;18200
Make D;18801
Make D;19544
Make D;30538
Make D;14287
Make D;16978
Make D;20175
Make D;14123
Make D;10114
Make D;53599
Make D;12491
Make D;20160
Make D;15273
Make D;39236
Make D;8705
Make D;7101
Make D;9597
Make D;10982
Make D;13610
Make D;21796
Make D;12156
Make D;12601
Make D;46662
Make D;11165
Make D;19651
Make D;34133
Make D;13854
Make D;25171
Make D;16062
Make D;8916
Make D;12006
Make D;13666
Make D;13915
Make D;16641
Make D;20493
Make D;17212
Make D;13119
Make D;25018
Make D;74699
Make D;19590
Make D;9748
Make D;18409
Make D;21005
Make D;12428
Make D;10920
Make D;35756
Make D;18105
Make D;25882
Make D;10559
Make D;27976
Make D;14300
Make D;12261
Make D;50626
Make D;11782
Make D;12983
Make D;12561
Make D;13401
Make D;8951
Make D;9755
Make D;14493
Make D;21781
Make D;11745
Make D;16573
Make D;4866
Make D;5584
Make D;12392
Make D;13896
Make D;16978
Make D;16867
Make D;24225
Make D;57182
Make D;23629
Make D;15344
Make D;14023
Make D;21235
Make D;7791
Make D;7800
Make D;16013
Make D;12144
Make D;20650
Make D;11505
Make D;12072
Make D;35510
Make D;27297
Make D;15943
Make D;11504
Make D;18262
Make D;37993
Make D;13877
Make D;8385
Make D;15488
Make D;10139
Make D;15005
Make D;9730
Make D;18136
Make D;22324
Make D;8115
Make D;9230
Make D;36304
Make D;15433
Make D;4621
Make D;7797
Make D;14747
Make D;17101
Make D;13788
Make D;10482
Make D;15672
Make D;11560
Make D;8349
Make D;19613
Make D;22231
Make D;9378
Make D;10503
Make D;20547
Make D;50560
Make D;21203
Make D;31365
Make D;44919
Make D;10467
Make D;31652
Make D;24976
Make D;10640
Make D;48664
Make D;36603
Make D;23117
Make D;11526
Make D;15346
Make D;18706
Make D;10004
Make D;18569
Make D;6862
Make D;16251
Make D;17603
Make D;44024
Make D;18963
Make D;18007
Make D;14703
Make D;15924
Make D;8861
Make D;17042
Make D;5468
Make D;5198
Make D;15093
Make D;14140
Make D;17052
Make D;12513
Make D;25684
Make D;27164
Make D;5719
Make D;23180
Make D;20988
Make D;13564
Make D;36421
Make D;8491
Make D;10790
Make D;15955
Make D;10962
Make D;9949
Make D;20536
Make D;34979
Make D;20359
Make D;13753
Make D;6781
Make D;44138
Make D;40152
Make D;14323
Make D;5293
Make D;10921
Make D;15579
Make D;50208
Make D;12912
Make D;24930
Make D;158
Make D;19360
Make D;13285
Make D;8734
Make D;6732
Make D;24841
Make D;29936
Make D;37
Make D;9643
Make D;8107
Make D;43821
Make D;3628
Make D;11281
Make D;12998
Make D;15392
Make D;14192
Make D;31459
Make D;18750
Make D;40912
Make D;3949
Make D;29257
Make D;19750
Make D;41086
Make D;13426
Make D;14189
Make D;7982
Make D;11853
Make D;15459
Make D;20614
Make D;30392
Make D;15543
Make D;9384
Make D;23982
Make D;12767
Make D;31418
Make D;4865
Make D;91
Make D;81
Make D;23730
Make D;33188
Make D;5975
Make D;13519
Make D;9405
Make D;29110
Make D;8251
Make D;4502
Make D;15984
Make D;12145
Make D;7139
Make D;8647
Make D;14069
Make D;26599
Make D;24774
Make D;7722
Make D;14565
Make D;6823
Make D;7007
Make D;16520
Make D;10009
Make D;7932
Make D;19011
Make D;10653
Make D;7239
Make D;31938
Make D;14839
Make D;11803
Make D;9666
Make D;6982
Make D;11845
Make D;14804
Make D;13722
Make D;15175
Make D;11206
Make D;19360
Make D;9654
Make D;15358
Make D;11803
Make D;8270
Make D;20642
Make D;8151
Make D;14826
Make D;20062
Make D;14036
Make D;8627
Make D;9368
Make D;10253
Make D;5862
Make D;11060
Make D;6636
Make D;17113
Make D;13959
Make D;13693
Make D;12360
Make D;42346
Make D;17897
Make D;12488
Make D;14773
Make D;20510
Make D;22887
Make D;11617
Make D;225
Make D;26089
Make D;16568
Make D;19535
Make D;17738
Make D;17103
Make D;7673
Make D;18860
Make D;16261
Make D;47134
Make D;20796
Make D;19507
Make D;13172
Make D;26759
Make D;12600
Make D;26451
Make D;12523
Make D;9208
Make D;24873
Make D;23319
Make D;18609
Make D;14710
Make D;8560
Make D;10425
Make D;12777
Make D;12062
Make D;12160
Make D;53792
Make D;22180
Make D;30201
Make D;10621
Make D;16595
Make D;44600
Make D;15605
Make D;6801
Make D;20258
Make D;13823
Make D;7753
Make D;19714
Make D;14830
Make D;35944
Make D;14880
Make D;18818
Make D;11474
Make D;25724
Make D;13419
Make D;23646
Make D;18243
Make D;18111
Make D;12054
Make D;17800
Make D;26098
Make D;19019
Make D;67083
Make D;25950
Make D;20865
Make D;10858
Make D;14515
Make D;17693
Make D;19112
Make D;10812
Make D;12023
Make D;11429
Make D;32195
Make D;9887
Make D;10414
Make D;18380
Make D;12874
Make D;15341
Make D;5524
Make D;22986
Make D;14609
Make D;21057
Make D;22061
Make D;8034
Make D;19701
Make D;40439
Make D;9158
Make D;75019
Make D;17732
Make D;17168
Make D;41475
Make D;12889
Make D;12087
Make D;22880
Make D;6067
Make D;15695
Make D;4855
Make D;24737
Make D;10707
Make D;7090
Make D;14143
Make D;3981
Make D;15569
Make D;11698
Make D;15141
Make D;22092
Make D;9553
Make D;10391
Make D;5422
Make D;16003
Make D;11507
Make D;10185
Make D;90406
Make D;8329
Make D;29042
Make D;19155
Make D;10441
Make D;9202
Make D;6375
Make D;10564
Make D;14174
Make D;4358
Make D;11660
Make D;16151
Make D;162
Make D;16535
Make D;21147
Make D;23513
Make D;21510
Make D;99162
Make D;13915
Make D;12064
Make D;3847
Make D;24158
Make D;11640
Make D;7454
Make D;21217
Make D;44735
Make D;18672
Make D;28394
Make D;19248
Make D;20233
Make D;18039
Make D;13209
Make D;11815
Make D;19318
Make D;12346
Make D;11334
Make D;27978
Make D;7595
Make D;18822
Make D;36849
Make D;12248
Make D;20302
Make D;16236
Make D;16199
Make D;27623
Make D;18942
Make D;12793
Make D;8274
Make D;17042
Make D;6693
Make D;19880
Make D;10728
Make D;20231
Make D;13529
Make D;5767
Make D;29009
Make D;14856
Make D;11736
Make D;7744
Make D;13838
Make D;12839
Make D;13688
Make D;12351
Make D;16597
Make D;10535
Make D;10488
Make D;16453
Make D;8627
Make D;15950
Make D;16447
Make D;13851
Make D;25374
Make D;14261
Make D;10010
Make D;14448
Make D;12995
Make D;13519
Make D;9153
Make D;8921
Make D;15334
Make D;33188
Make D;14140
Make D;20821
Make D;10993
Make D;7426
Make D;66661
Make D;25471
Make D;12891
Make D;23682
Make D;14156
Make D;12648
Make D;37598
Make D;42568
Make D;26793
Make D;27535
Make D;15327
Make D;13639
Make D;20
Make D;13913
Make D;9837
Make D;14996
Make D;2592
Make D;5501
Make D;20649
Make D;13170
Make D;6826
Make D;19284
Make D;9909
Make D;8199
Make D;28503
Make D;24739
Make D;13831
Make D;5333
Make D;37584
Make D;25724
Make D;6030
Make D;15411
Make D;14744
Make D;13345
Make D;15881
Make D;14281
Make D;6877
Make D;19743
Make D;3215
Make D;22496
Make D;5042
Make D;8112
Make D;3042
Make D;19682
Make D;17012
Make D;20944
Make D;48328
Make D;37169
Make D;26790
Make D;19618
Make D;10276
Make D;16347
Make D;23658
Make D;10051
Make D;19138
Make D;9340
Make D;12229
Make D;17127
Make D;11867
Make D;18165
Make D;14882
Make D;17728
Make D;6827
Make D;31358
Make D;17875
Make D;10559
Make D;49460
Make D;13062
Make D;11849
Make D;10588
Make D;16338
Make D;1394
Make D;9566
Make D;8875
Make D;35924
Make D;79748
Make D;11968
Make D;8298
Make D;10815
Make D;5610
Make D;11558
Make D;13727
Make D;9366
Make D;18970
Make D;18217
Make D;12757
Make D;14305
Make D;18575
Make D;33308
Make D;10521
Make D;7300
Make D;28350
Make D;15324
Make D;20302
Make D;32649
Make D;27007
Make D;24221
Make D;21792
Make D;26188
Make D;18957
Make D;260428
Make D;8028
Make D;12324
Make D;17479
Make D;39256
Make D;17041
Make D;15785
Make D;24749
Make D;12778
Make D;6646
Make D;16832
Make D;5595
Make D;5454
Make D;47811
Make D;5872
Make D;14441
Make D;12919
Make D;17231
Make D;17247
Make D;22572
Make D;49524
Make D;12211
Make D;13872
Make D;7234
Make D;18826
Make D;14967
Make D;5591
Make D;15271
Make D;14641
Make D;12655
Make D;9726
Make D;26361
Make D;6770
Make D;14295
Make D;11380
Make D;21669
Make D;12517
Make D;13065
Make D;13738
Make D;3472
Make D;29241
Make D;10438
Make D;14659
Make D;28405
Make D;7527
Make D;14223
Make D;18659
Make D;18233
Make D;17278
Make D;19246
Make D;23053
Make D;28768
Make D;17017
Make D;15804
Make D;6756
Make D;16069
Make D;21365
Make D;18366
Make D;12025
Make D;14851
Make D;28218
Make D;13555
Make D;17417
Make D;12232
Make D;42833
Make D;14869
Make D;43416
Make D;11178
Make D;4429
Make D;9235
Make D;6198
Make D;11563
Make D;11467
Make D;41765
Make D;33647
Make D;19412
Make D;14180
Make D;9576
Make D;24498
Make D;15341
Make D;4453
Make D;14253
Make D;5393
Make D;24480
Make D;51534
Make D;5194
Make D;18475
Make D;9627
Make D;5870
Make D;9972
Make D;8743
Make D;15513
Make D;14539
Make D;15236
Make D;6963
Make D;24920
Make D;6465
Make D;8796
Make D;15041
Make D;23676
Make D;23855
Make D;10752
Make D;7942
Make D;19613
Make D;49698
Make D;13278
Make D;28340
Make D;6779
Make D;11550
Make D;13731
Make D;81
Make D;25267
Make D;3037
Make D;12760
Make D;28361
Make D;5792
Make D;10973
Make D;17114
Make D;14622
Make D;6144
Make D;8623
Make D;15555
Make D;12049
Make D;21703
Make D;5202
Make D;37440
Make D;8851
Make D;18016
Make D;6778
Make D;20355
Make D;23796
Make D;17612
Make D;22163
Make D;14041
Make D;13880
Make D;37466
Make D;9761
Make D;12611
Make D;9334
Make D;7678
Make D;17477
Make D;17822
Make D;8590
Make D;13659
Make D;17277
Make D;15529
Make D;22502
Make D;13517
Make D;7456
Make D;9019
Make D;26644
Make D;43242
Make D;19624
Make D;14742
Make D;12624
Make D;18569
Make D;7126
Make D;18000
Make D;15298
Make D;37741
Make D;24757
Make D;11041
Make D;14737
Make D;32459
Make D;10081
Make D;37131
Make D;18105
Make D;7314
Make D;10475
Make D;17497
Make D;26578
Make D;23014
Make D;29917
Make D;26315
Make D;22552
Make D;10618
Make D;16360
Make D;38073
Make D;675
Make D;19399
Make D;16572
Make D;38937
Make D;10879
Make D;21276
Make D;9895
Make D;18580
Make D;40996
Make D;16084
Make D;20325
Make D;16132
Make D;7946
Make D;32009
Make D;8979
Make D;18620
Make D;5483
Make D;3161
Make D;11484
Make D;18170
Make D;15881
Make D;13166
Make D;21113
Make D;25915
Make D;13772
Make D;13360
Make D;10252
Make D;22335
Make D;6122
Make D;9505
Make D;25554
Make D;45116
Make D;18861
Make D;13711
Make D;13144
Make D;29940
Make D;32469
Make D;15462
Make D;9827
Make D;45643
Make D;19121
Make D;11404
Make D;14714
Make D;7572
Make D;31526
Make D;8902
Make D;11204
Make D;33982
Make D;133055
Make D;18590
Make D;21259
Make D;7801
Make D;14223
Make D;15330
Make D;21151
Make D;12229
Make D;13183
Make D;23301
Make D;11887
Make D;15550
Make D;32468
Make D;11741
Make D;25148
Make D;19348
Make D;18423
Make D;28823
Make D;543
Make D;39639
Make D;25248
Make D;30553
Make D;51671
Make D;12557
Make D;7585
Make D;16161
Make D;9559
Make D;19959
Make D;20075
Make D;16017
Make D;19230
Make D;17163
Make D;19180
Make D;17336
Make D;22197
Make D;16348
Make D;3375
Make D;14509
Make D;9070
Make D;18740
Make D;16436
Make D;7600
Make D;41734
Make D;10277
Make D;21394
Make D;14750
Make D;22077
Make D;21384
Make D;11009
Make D;29781
Make D;13566
Make D;9733
Make D;9114
Make D;20155
Make D;20256
Make D;5046
Make D;20935
Make D;6190
Make D;18240
Make D;8382
Make D;11558
Make D;17478
Make D;13133
Make D;16764
Make D;6570
Make D;8915
Make D;9209
Make D;16839
Make D;28772
Make D;6529
Make D;158
Make D;55043
Make D;12699
Make D;11990
Make D;18844
Make D;36411
Make D;9002
Make D;39278
Make D;27285
Make D;16848
Make D;11151
Make D;29269
Make D;40946
Make D;34742
Make D;15498
Make D;31493
Make D;14521
Make D;11360
Make D;48121
Make D;14147
Make D;10275
Make D;10988
Make D;15241
Make D;16024
Make D;7321
Make D;6952
Make D;24952
Make D;15084
Make D;21005
Make D;26009
Make D;25713
Make D;23811
Make D;17846
Make D;17708
Make D;55161
Make D;33805
Make D;6451
Make D;15107
Make D;9253
Make D;19271
Make D;9563
Make D;3961
Make D;4167
Make D;6228
Make D;10038
Make D;13504
Make D;28253
Make D;13119
Make D;15080
Make D;7583
Make D;18338
Make D;7148
Make D;28600
Make D;59964
Make D;16004
Make D;15957
Make D;19267
Make D;25322
Make D;19042
Make D;10818
Make D;16121
Make D;26587
Make D;47511
Make D;21852
Make D;46962
Make D;20582
Make D;14115
Make D;14577
Make D;8288
Make D;30815
Make D;19797
Make D;9525
Make D;9733
Make D;11865
Make D;8997
Make D;79211
Make D;8895
Make D;17087
Make D;13142
Make D;23071
Make D;10296
Make D;19757
Make D;8151
Make D;11348
Make D;18511
Make D;6346
Make D;35770
Make D;14673
Make D;18087
Make D;20060
Make D;20244
Make D;12233
Make D;9995
Make D;18677
Make D;15395
Make D;16484
Make D;14954
Make D;48691
Make D;5890
Make D;21953
Make D;13028
Make D;23829
Make D;8602
Make D;27650
Make D;9767
Make D;10240
Make D;26930
Make D;16298
Make D;19231
Make D;31336
Make D;23024
Make D;15170
Make D;63846
Make D;6873
Make D;16324
Make D;8898
Make D;9367
Make D;8539
Make D;36626
Make D;23361
Make D;27945
Make D;13635
Make D;6864
Make D;11129
Make D;13677
Make D;28407
Make D;14424
Make D;16331
Make D;7731
Make D;31558
Make D;17109
Make D;24195
Make D;32258
Make D;18972
Make D;27472
Make D;6765
Make D;10099
Make D;6890
Make D;5578
Make D;51039
Make D;23522
Make D;10031
Make D;12298
Make D;9883
Make D;15486
Make D;13083
Make D;21485
Make D;22016
Make D;47684
Make D;23040
Make D;15253
Make D;27005
Make D;7067
Make D;32456
Make D;14889
Make D;8359
Make D;28172
Make D;33526
Make D;45260
Make D;18627
Make D;18931
Make D;6307
Make D;13857
Make D;19179
Make D;20358
Make D;20147
Make D;21281
Make D;6842
Make D;16128
Make D;9179
Make D;14882
Make D;28397
Make D;41750
Make D;6672
Make D;23724
Make D;18759
Make D;10764
Make D;9204
Make D;11193
Make D;10090
Make D;8155
Make D;3947
Make D;11697
Make D;13643
Make D;11566
Make D;17140
Make D;19875
Make D;39326
Make D;11636
Make D;17344
Make D;13294
Make D;27052
Make D;13780
Make D;11399
Make D;20147
Make D;13005
Make D;21381
Make D;24665
Make D;14386
Make D;9157
Make D;16211
Make D;24386
Make D;18422
Make D;7203
Make D;30822
Make D;11344
Make D;6499
Make D;15823
Make D;13569
Make D;14171
Make D;6886
Make D;41771
Make D;8
Make D;27829
Make D;10834
Make D;29316
Make D;8539
Make D;12372
Make D;56980
Make D;21060
Make D;5416
Make D;18438
Make D;11337
Make D;28134
Make D;13111
Make D;8372
Make D;35077
Make D;24698
Make D;5127
Make D;183
Make D;22183
Make D;16132
Make D;9188
Make D;14588
Make D;17382
Make D;23285
Make D;9633
Make D;14048
Make D;16348
Make D;12403
Make D;22299
Make D;17117
Make D;16874
Make D;8225
Make D;6094
Make D;28968
Make D;21099
Make D;12036
Make D;17849
Make D;9273
Make D;30284
Make D;40465
Make D;12384
Make D;16387
Make D;9733
Make D;12589
Make D;10345
Make D;7356
Make D;19020
Make D;11779
Make D;14541
Make D;20683
Make D;31381
Make D;36735
Make D;15589
Make D;38335
Make D;7346
Make D;16892
Make D;67130
Make D;14996
Make D;18794
Make D;21170
Make D;8331
Make D;12167
Make D;20310
Make D;8535
Make D;11860
Make D;17963
Make D;5193
Make D;25882
Make D;40887
Make D;71114
Make D;10146
Make D;10287
Make D;6391
Make D;15327
Make D;20524
Make D;14587
Make D;16909
Make D;21335
Make D;8772
Make D;10713
Make D;8394
Make D;23285
Make D;15495
Make D;28815
Make D;30507
Make D;11532
Make D;33092
Make D;17629
Make D;8076
Make D;15965
Make D;22472
Make D;14118
Make D;18342
Make D;29383
Make D;20581
Make D;11608
Make D;19114
Make D;26496
Make D;28241
Make D;9391
Make D;38725
Make D;14113
Make D;38268
Make D;9400
Make D;93730
Make D;8284
Make D;7125
Make D;35636
Make D;19264
Make D;35462
Make D;9167
Make D;9023
Make D;16475
Make D;14861
Make D;8122
Make D;22095
Make D;19933
Make D;27197
Make D;55008
Make D;24791
Make D;20676
Make D;14204
Make D;19911
Make D;27267
Make D;16799
Make D;1292
Make D;9051
Make D;36213
Make D;15121
Make D;10074
Make D;8164
Make D;70469
Make D;36960
Make D;11804
Make D;36962
Make D;17207
Make D;12659
Make D;55480
Make D;35025
Make D;20134
Make D;16512
Make D;8444
Make D;4471
Make D;10016
Make D;14675
Make D;24446
Make D;12485
Make D;14217
Make D;548
Make D;15676
Make D;17600
Make D;11323
Make D;30121
Make D;37916
Make D;11550
Make D;15259
Make D;55406
Make D;25215
Make D;8846
Make D;19053
Make D;19457
Make D;11712
Make D;30123
Make D;20410
Make D;19816
Make D;24472
Make D;8200
Make D;21093
Make D;13033
Make D;3591
Make D;11535
Make D;18215
Make D;34864
Make D;8443
Make D;51302
Make D;7913
Make D;18683
Make D;31568
Make D;11482
Make D;11663
Make D;18176
Make D;15570
Make D;17845
Make D;14275
Make D;12228
Make D;17149
Make D;8687
Make D;17574
Make D;5583
Make D;7768
Make D;7316
Make D;39605
Make D;8687
Make D;32499
Make D;31923
Make D;14101
Make D;15906
Make D;18986
Make D;12221
Make D;15292
Make D;13426
Make D;51587
Make D;25782
Make D;26351
Make D;24816
Make D;29015
Make D;12475
Make D;40360
Make D;6130
Make D;11195
Make D;21068
Make D;7034
Make D;18353
Make D;4208
Make D;35743
Make D;20742
Make D;33419
Make D;15659
Make D;6324
Make D;25913
Make D;15395
Make D;12451
Make D;14229
Make D;26609
Make D;13682
Make D;26613
Make D;9411
Make D;12294
Make D;11468
Make D;13299
Make D;16441
Make D;17346
Make D;17026
Make D;13015
Make D;12724
Make D;10025
